filename,text,valence,arousal,dominance,delta_valence,delta_arousal,delta_dominance
0256_L.wav,<笑>,0.9,0.8,0.76,0.44,0.65,0.51
0258_L.wav,そうなんだじゃお弁当毎日作って誰か送っていくんですね,0.43,0.43,0.48,0.47,0.37,0.28
0262_L.wav,(F あ),0.89,0.83,0.77,0.46,0.3999999999999999,0.29
0263_L.wav,送ってたんだ,0.33,0.2,0.23,0.56,0.6299999999999999,0.54
0265_L.wav,大変ですね幼稚園て何時からですか,0.53,0.34,0.42,0.2,0.14,0.1899999999999999
0267_L.wav,(F あー)そっかそっか,0.36,0.27,0.25,0.17,0.07,0.1699999999999999
0270_L.wav,お母さん,0.54,0.12,0.16,0.18,0.15,0.09
