filename,text,valence,arousal,dominance,delta_valence,delta_arousal,delta_dominance
0478_R.wav,(F んー)ランゲージ・アンド・リテラチャー,0.41,0.1,0.2,0.05,0.1,0.1099999999999999
0480_R.wav,みたいな(D ぶ)学部,0.48,0.23,0.32,0.07,0.13,0.12
0481_R.wav,幾つ探したかな,0.17,0.07,0.18,0.3099999999999999,0.16,0.14
0483_R.wav,やっぱり西,0.43,0.6,0.61,0.26,0.53,0.43
0484_R.wav,と後ハワイ,0.61,0.55,0.55,0.18,0.0499999999999999,0.0599999999999999
0486_R.wav,にあったりしましたね,0.39,0.25,0.31,0.2199999999999999,0.3,0.24
0488_R.wav,(F うーん),0.36,0.12,0.21,0.03,0.13,0.1
