filename,text,valence,arousal,dominance,delta_valence,delta_arousal,delta_dominance
0371_R.wav,大変ですねやっぱりその辺が,0.44,0.42,0.48,0.01,0.21,0.2299999999999999
0373_R.wav,小学校に行ったら楽になるのかでも(D き)小学校でも早く帰ってきちゃいますからね,0.7,0.42,0.45,0.2599999999999999,0.0,0.0299999999999999
0375_R.wav,<笑>,0.98,0.81,0.77,0.28,0.39,0.32
0376_R.wav,<笑>,0.36,0.5,0.37,0.62,0.31,0.4
0378_R.wav,(F うーん)きっと多分,0.43,0.23,0.32,0.07,0.27,0.0499999999999999
0379_R.wav,(F うーん),0.32,0.08,0.16,0.1099999999999999,0.15,0.16
0384_R.wav,(F うーん)だといいんですけど,0.48,0.25,0.33,0.1599999999999999,0.1699999999999999,0.17
