filename,text,valence,arousal,dominance,delta_valence,delta_arousal,delta_dominance
0210_R.wav,日本の中でのそういう,0.36,0.47,0.48,0.47,0.21,0.18
0212_R.wav,<笑>,0.92,0.78,0.75,0.56,0.31,0.27
0215_R.wav,(F うん)(F うん),0.29,0.0,0.07,0.6300000000000001,0.78,0.6799999999999999
0219_R.wav,(F はい)そうです,0.6,0.56,0.54,0.31,0.56,0.47
0221_R.wav,今もう幼稚園に行ってるはずです,0.64,0.42,0.5,0.04,0.14,0.04
0222_R.wav,<笑>,0.5,0.37,0.32,0.14,0.0499999999999999,0.18
0226_R.wav,(F うーん)お弁当そうなんですよ(D な)なぜか,0.45,0.4,0.42,0.0499999999999999,0.03,0.0999999999999999
