filename,text,valence,arousal,dominance,delta_valence,delta_arousal,delta_dominance
0500_L.wav,<笑>,0.88,0.79,0.72,0.56,0.8500000000000001,0.72
0501_L.wav,怖く(? ない),0.66,0.69,0.58,0.2199999999999999,0.1,0.14
0502_L.wav,<笑>,0.9,0.71,0.68,0.24,0.02,0.1
0504_L.wav,そうなんだ,0.32,0.04,0.16,0.5800000000000001,0.6699999999999999,0.52
0505_L.wav,(F あ)そうだあたしの友達の(A アイシーユー;ＩＣＵ)の子も,0.32,0.55,0.58,0.0,0.51,0.4199999999999999
0506_L.wav,そのハワイ大学に行ってました,0.24,0.49,0.55,0.08,0.06,0.0299999999999999
0507_L.wav,途中,0.45,0.3,0.4,0.21,0.19,0.15
