filename,text,valence,arousal,dominance,delta_valence,delta_arousal,delta_dominance
0131_L.wav,お母さん違うよと,0.67,0.58,0.54,0.53,0.3399999999999999,0.34
0132_L.wav,おかしい,0.44,0.53,0.53,0.23,0.0499999999999999,0.01
0134_L.wav,<笑>,0.98,0.85,0.81,0.54,0.3199999999999999,0.28
0135_L.wav,そうなんだ,0.35,0.02,0.15,0.63,0.83,0.66
0137_L.wav,(F え),0.61,0.64,0.57,0.26,0.62,0.4199999999999999
0138_L.wav,関西,0.4,0.55,0.53,0.2099999999999999,0.0899999999999999,0.0399999999999999
0139_L.wav,(D ん)弁に近いんですか,0.59,0.57,0.57,0.1899999999999999,0.0199999999999999,0.0399999999999999
