filename,text,valence,arousal,dominance,delta_valence,delta_arousal,delta_dominance
0308_L.wav,母親もびっくりしてます,0.4,0.43,0.48,0.06,0.02,0.01
0310_L.wav,こんな動くんだみたいな,0.21,0.43,0.51,0.19,0.0,0.03
0312_L.wav,<笑>,0.83,0.68,0.65,0.62,0.25,0.14
0314_L.wav,これこの子この後どうなるんだろう,0.28,0.71,0.66,0.5499999999999999,0.0299999999999999,0.01
0316_L.wav,っていうような,0.57,0.48,0.47,0.2899999999999999,0.2299999999999999,0.19
0317_L.wav,<笑>,0.84,0.64,0.61,0.27,0.16,0.14
0318_L.wav,感じですよね,0.29,0.15,0.24,0.55,0.49,0.37
