filename,text,valence,arousal,dominance,delta_valence,delta_arousal,delta_dominance
0370_L.wav,大変ですね,0.38,0.21,0.28,0.14,0.38,0.32
0372_L.wav,そうか,0.42,0.35,0.31,0.0399999999999999,0.1399999999999999,0.0299999999999999
0374_L.wav,そうですね,0.85,0.72,0.65,0.43,0.37,0.34
0377_L.wav,また大変でしょう小学校入ったら入ったでねきっとね,0.18,0.29,0.39,0.6699999999999999,0.43,0.26
0380_L.wav,(F うーん),0.35,0.05,0.11,0.1699999999999999,0.24,0.28
0381_L.wav,でも男の子だと,0.28,0.52,0.5,0.0699999999999999,0.47,0.39
0382_L.wav,ねゆくゆく,0.36,0.28,0.3,0.0799999999999999,0.24,0.2
