filename,text,valence,arousal,dominance,delta_valence,delta_arousal,delta_dominance
0493_L.wav,(F へー),0.42,0.29,0.35,0.0399999999999999,0.0599999999999999,0.0199999999999999
0495_L.wav,(F あ)そうなんだ,0.39,0.25,0.32,0.0299999999999999,0.0399999999999999,0.0299999999999999
0497_L.wav,(F ふーん),0.32,-0.06,-0.0,0.07,0.31,0.32
0500_L.wav,<笑>,0.88,0.79,0.72,0.56,0.8500000000000001,0.72
0501_L.wav,怖く(? ない),0.66,0.69,0.58,0.2199999999999999,0.1,0.14
0502_L.wav,<笑>,0.9,0.71,0.68,0.24,0.02,0.1
0504_L.wav,そうなんだ,0.32,0.04,0.16,0.5800000000000001,0.6699999999999999,0.52
