filename,text,valence,arousal,dominance,delta_valence,delta_arousal,delta_dominance
0413_R.wav,そう(D なっ)なってるんでしょうかね,0.38,0.59,0.56,0.07,0.1599999999999999,0.18
0416_R.wav,(F うーん),0.38,0.23,0.28,0.0,0.36,0.28
0418_R.wav,(F うーん),0.34,0.13,0.18,0.0399999999999999,0.1,0.1
0421_R.wav,<笑>,0.92,0.82,0.77,0.5800000000000001,0.69,0.5900000000000001
0423_R.wav,そうそう,0.78,0.69,0.64,0.14,0.13,0.13
0424_R.wav,<笑>,0.8,0.75,0.68,0.02,0.06,0.04
0426_R.wav,そうそうそうそうそうそう,0.57,0.61,0.52,0.2300000000000001,0.14,0.16
