filename,text,valence,arousal,dominance,delta_valence,delta_arousal,delta_dominance
0009_L.wav,<笑>,0.66,0.65,0.57,0.02,0.24,0.1099999999999999
0012_L.wav,(F うーん),0.36,0.19,0.2,0.3,0.46,0.3699999999999999
0013_L.wav,(F あ)(F うん)(F うん),0.33,0.16,0.14,0.0299999999999999,0.03,0.06
0015_L.wav,<笑>,0.88,0.77,0.74,0.55,0.61,0.6
0017_L.wav,<笑>,0.91,0.79,0.73,0.03,0.02,0.01
0018_L.wav,<笑>,0.86,0.76,0.72,0.05,0.03,0.01
0020_L.wav,あれね,0.33,0.35,0.38,0.53,0.41,0.3399999999999999
