filename,text,valence,arousal,dominance,delta_valence,delta_arousal,delta_dominance
0106_L.wav,(F へー)例えばどういう名前,0.48,0.23,0.33,0.1499999999999999,0.05,0.11
0112_L.wav,(F あー),0.32,0.12,0.2,0.1599999999999999,0.11,0.13
0114_L.wav,(F ふーん)(F あー),0.36,0.26,0.29,0.0399999999999999,0.14,0.0899999999999999
0116_L.wav,<笑>,0.94,0.84,0.81,0.58,0.58,0.52
0119_L.wav,漫才じゃないんだからって感じですね,0.76,0.54,0.54,0.1799999999999999,0.2999999999999999,0.27
0120_L.wav,<笑>,0.98,0.87,0.81,0.2199999999999999,0.3299999999999999,0.27
0122_L.wav,(F へー),0.37,0.18,0.23,0.61,0.69,0.5800000000000001
