filename,text,valence,arousal,dominance,delta_valence,delta_arousal,delta_dominance
0157_R.wav,(M だだだだだ)フランス語みたいな感じで,0.82,0.64,0.6,0.1999999999999999,0.24,0.19
0158_R.wav,(D そ),0.52,0.39,0.29,0.2999999999999999,0.25,0.31
0160_R.wav,<笑>,0.86,0.73,0.7,0.3399999999999999,0.3399999999999999,0.41
0163_R.wav,先行ってた,0.35,0.47,0.46,0.51,0.26,0.2399999999999999
0164_R.wav,<笑>,0.89,0.75,0.72,0.54,0.28,0.2599999999999999
0167_R.wav,そうなんですだから(F あーのー),0.54,0.44,0.47,0.35,0.31,0.25
0168_R.wav,アクセントルールみたいなものをこっちのルールを(F まー),0.64,0.56,0.59,0.0999999999999999,0.12,0.12
