filename,text,valence,arousal,dominance,delta_valence,delta_arousal,delta_dominance
0314_L.wav,これこの子この後どうなるんだろう,0.28,0.71,0.66,0.5499999999999999,0.0299999999999999,0.01
0316_L.wav,っていうような,0.57,0.48,0.47,0.2899999999999999,0.2299999999999999,0.19
0317_L.wav,<笑>,0.84,0.64,0.61,0.27,0.16,0.14
0318_L.wav,感じですよね,0.29,0.15,0.24,0.55,0.49,0.37
0320_L.wav,今まで子育てで大変なことって,0.39,0.39,0.43,0.1,0.24,0.19
0322_L.wav,ありました,0.33,0.27,0.28,0.06,0.12,0.1499999999999999
0323_L.wav,(F うん)(F うーん),0.37,0.08,0.11,0.0399999999999999,0.19,0.17
