filename,text,valence,arousal,dominance,delta_valence,delta_arousal,delta_dominance
0399_R.wav,赤ちゃんを触れるだけで幸せみたいなとこがありますからね本当に,0.85,0.63,0.63,0.5,0.27,0.2299999999999999
0401_R.wav,(F うーん),0.34,0.13,0.19,0.51,0.5,0.44
0402_R.wav,<笑>,0.92,0.78,0.76,0.5800000000000001,0.65,0.5700000000000001
0404_R.wav,そうなんですよ(D お),0.3,0.1,0.21,0.6200000000000001,0.68,0.55
0406_R.wav,だから(F まー),0.41,0.43,0.46,0.1099999999999999,0.3299999999999999,0.25
0407_R.wav,今の本当に仕事の上でも本当にそういう(D (? し))子育てをしたことが,0.52,0.42,0.46,0.11,0.01,0.0
0408_R.wav,(F まー)結局は役に立っているからいいんですけどもね,0.46,0.5,0.48,0.06,0.08,0.0199999999999999
