filename,text,valence,arousal,dominance,delta_valence,delta_arousal,delta_dominance
0328_L.wav,(F あー),0.35,0.4,0.37,0.06,0.09,0.02
0332_L.wav,大変でしょうね,0.61,0.27,0.34,0.26,0.13,0.0299999999999999
0334_L.wav,<笑>,0.93,0.83,0.81,0.32,0.5599999999999999,0.47
0337_L.wav,大変だと思います,0.29,0.51,0.49,0.6400000000000001,0.3199999999999999,0.32
0339_L.wav,そうですよね,0.4,0.08,0.16,0.11,0.43,0.3299999999999999
0343_L.wav,(F うーん),0.43,0.19,0.24,0.0299999999999999,0.11,0.0799999999999999
0344_L.wav,(F うーん),0.46,0.27,0.33,0.03,0.08,0.09
