filename,text,valence,arousal,dominance,delta_valence,delta_arousal,delta_dominance
0326_R.wav,後やっぱり(F うーん)(?)これを語り出すともう大変なんですけどやっぱりおしゅうとめさん達との,0.61,0.6,0.57,0.41,0.35,0.2199999999999999
0329_R.wav,やっぱり関係がやっぱり大変ですね,0.43,0.54,0.53,0.18,0.0599999999999999,0.0399999999999999
0330_R.wav,(F うーん),0.31,0.09,0.1,0.12,0.45,0.43
0331_R.wav,<笑>,0.86,0.71,0.69,0.55,0.62,0.59
0333_R.wav,記録に残ってしまった,0.63,0.63,0.62,0.2299999999999999,0.0799999999999999,0.0699999999999999
0335_R.wav,<笑>,0.95,0.8,0.77,0.3199999999999999,0.17,0.15
0336_R.wav,<笑>,0.88,0.77,0.73,0.0699999999999999,0.03,0.04
