filename,text,valence,arousal,dominance,delta_valence,delta_arousal,delta_dominance
0292_L.wav,(D とぅ),0.34,0.4,0.41,0.23,0.09,0.0499999999999999
0293_L.wav,そうかうちの姉の子供も六か月なのにもう,0.49,0.35,0.41,0.1499999999999999,0.05,0.0
0295_L.wav,凄い力ですよね,0.94,0.59,0.66,0.4499999999999999,0.24,0.25
0297_L.wav,あれは(D お),0.34,0.32,0.29,0.5999999999999999,0.2699999999999999,0.37
0299_L.wav,ね,0.26,0.4,0.43,0.08,0.08,0.14
0300_L.wav,男の子です,0.35,0.59,0.6,0.0899999999999999,0.1899999999999999,0.1699999999999999
0301_L.wav,(F うーん)凄い,0.28,-0.05,0.09,0.0699999999999999,0.64,0.51
