filename,text,valence,arousal,dominance,delta_valence,delta_arousal,delta_dominance
0264_R.wav,<息>,0.66,0.68,0.62,0.02,0.12,0.0599999999999999
0266_R.wav,幼稚園は九時からです,0.62,0.4,0.45,0.04,0.28,0.1699999999999999
0268_R.wav,(F うーん),0.31,0.02,0.11,0.31,0.38,0.34
0269_R.wav,んでまたお迎えが早いんですよ,0.65,0.55,0.48,0.34,0.53,0.37
0271_R.wav,<笑>,0.73,0.66,0.63,0.0799999999999999,0.1099999999999999,0.15
0273_R.wav,だから今日なんかはもうお婆ちゃんに(D 頼ん)(D おむか)(F あ),0.47,0.52,0.5,0.26,0.14,0.13
0275_R.wav,頼んだりするんですけど,0.47,0.28,0.33,0.0,0.24,0.1699999999999999
