filename,text,valence,arousal,dominance,delta_valence,delta_arousal,delta_dominance
0311_R.wav,(F あー),0.43,0.38,0.32,0.08,0.0399999999999999,0.0499999999999999
0313_R.wav,<笑>,0.91,0.73,0.71,0.48,0.35,0.3899999999999999
0315_R.wav,<笑>,0.89,0.75,0.72,0.02,0.02,0.01
0319_R.wav,(F うーん),0.31,0.08,0.15,0.5800000000000001,0.67,0.57
0321_R.wav,そうですねやっぱり初めはなかなか夜寝られないこと<FV>,0.69,0.55,0.54,0.3799999999999999,0.47,0.39
0324_R.wav,もう本当万年睡眠不足状態,0.2,0.25,0.35,0.4899999999999999,0.3,0.19
0326_R.wav,後やっぱり(F うーん)(?)これを語り出すともう大変なんですけどやっぱりおしゅうとめさん達との,0.61,0.6,0.57,0.41,0.35,0.2199999999999999
