filename,text,valence,arousal,dominance,delta_valence,delta_arousal,delta_dominance
0050_L.wav,(F ええ)(F ええ),0.39,0.35,0.35,0.01,0.17,0.17
0052_L.wav,(F あー),0.4,0.34,0.31,0.01,0.0099999999999999,0.0399999999999999
0053_L.wav,(F うん)(F うん)(F うん),0.4,0.23,0.22,0.0,0.11,0.09
0054_L.wav,<笑>,0.96,0.91,0.85,0.5599999999999999,0.68,0.63
0056_L.wav,裏をかいたんですね,0.52,0.62,0.61,0.4399999999999999,0.29,0.24
0058_L.wav,なるほどねそうですか,0.39,0.21,0.28,0.13,0.41,0.3299999999999999
0060_L.wav,お母さんなんですもんね,0.51,0.28,0.37,0.12,0.07,0.0899999999999999
