filename,text,valence,arousal,dominance,delta_valence,delta_arousal,delta_dominance
0116_L.wav,<笑>,0.94,0.84,0.81,0.58,0.58,0.52
0119_L.wav,漫才じゃないんだからって感じですね,0.76,0.54,0.54,0.1799999999999999,0.2999999999999999,0.27
0120_L.wav,<笑>,0.98,0.87,0.81,0.2199999999999999,0.3299999999999999,0.27
0122_L.wav,(F へー),0.37,0.18,0.23,0.61,0.69,0.5800000000000001
0124_L.wav,(F あー)そうなんだ,0.56,0.43,0.4,0.19,0.25,0.17
0127_L.wav,(F うん)(F うん)(F うん)(F うん),0.46,0.41,0.41,0.1,0.02,0.0099999999999999
0128_L.wav,(F うーん),0.4,0.2,0.19,0.06,0.2099999999999999,0.2199999999999999
